0.0000000000,15167.6992187500,0.0000000000,0.0000000000,0.0000000000,0.0000000000,0.0000000000,0.0000000000
0.0000000000,14109.7236328125,0.0000000000,0.0000000000,0.0000000000,0.0000000000,0.0000000000,0.0000000000
0.0000000000,10895.1074218750,0.0000000000,0.0000000000,0.0000000000,0.0000000000,0.0000000000,0.0000000000
0.0000000000,17222.6113281250,0.0000000000,0.0000000000,0.0000000000,0.0000000000,0.0000000000,0.0000000000
0.0000000000,21983.5000000000,0.0000000000,0.0000000000,0.0000000000,0.0000000000,0.0000000000,0.0000000000
0.0000000000,18880.7851562500,0.0000000000,0.0000000000,0.0000000000,0.0000000000,0.0000000000,0.0000000000
0.0000000000,6887.0102539062,0.0000000000,0.0000000000,0.0000000000,0.0000000000,0.0000000000,0.0000000000
0.0000000000,10030.4169921875,0.0000000000,0.0000000000,0.0000000000,0.0000000000,0.0000000000,0.0000000000
0.0000000000,12543.1074218750,0.0000000000,0.0000000000,0.0000000000,0.0000000000,0.0000000000,0.0000000000
0.0000000000,7507.5532226562,0.0000000000,0.0000000000,0.0000000000,0.0000000000,0.0000000000,0.0000000000
0.0000000000,7873.7753906250,0.0000000000,0.0000000000,0.0000000000,0.0000000000,0.0000000000,0.0000000000
0.0000000000,19501.3281250000,0.0000000000,0.0000000000,0.0000000000,0.0000000000,0.0000000000,0.0000000000
0.0000000000,8972.4414062500,0.0000000000,0.0000000000,0.0000000000,0.0000000000,0.0000000000,0.0000000000
0.0000000000,10274.5644531250,0.0000000000,0.0000000000,0.0000000000,0.0000000000,0.0000000000,0.0000000000
0.0000000000,16022.2167968750,0.0000000000,0.0000000000,0.0000000000,0.0000000000,0.0000000000,0.0000000000
0.0000000000,10223.7001953125,0.0000000000,0.0000000000,0.0000000000,0.0000000000,0.0000000000,0.0000000000
0.0000000000,20213.4257812500,0.0000000000,0.0000000000,0.0000000000,0.0000000000,0.0000000000,0.0000000000
0.0000000000,9725.2314453125,0.0000000000,0.0000000000,0.0000000000,0.0000000000,0.0000000000,0.0000000000
0.0000000000,21261.2285156250,0.0000000000,0.0000000000,0.0000000000,0.0000000000,0.0000000000,0.0000000000
0.0000000000,9481.0830078125,0.0000000000,0.0000000000,0.0000000000,0.0000000000,0.0000000000,0.0000000000
0.0000000000,20996.7343750000,0.0000000000,0.0000000000,0.0000000000,0.0000000000,0.0000000000,0.0000000000
0.0000000000,12197.2304687500,0.0000000000,0.0000000000,0.0000000000,0.0000000000,0.0000000000,0.0000000000
0.0000000000,17263.3027343750,0.0000000000,0.0000000000,0.0000000000,0.0000000000,0.0000000000,0.0000000000
0.0000000000,10620.4414062500,0.0000000000,0.0000000000,0.0000000000,0.0000000000,0.0000000000,0.0000000000
0.0000000000,6642.8623046875,0.0000000000,0.0000000000,0.0000000000,0.0000000000,0.0000000000,0.0000000000
0.0000000000,14689.5751953125,0.0000000000,0.0000000000,0.0000000000,0.0000000000,0.0000000000,0.0000000000
0.0000000000,8351.8984375000,0.0000000000,0.0000000000,0.0000000000,0.0000000000,0.0000000000,0.0000000000
0.0000000000,18890.9570312500,0.0000000000,0.0000000000,0.0000000000,0.0000000000,0.0000000000,0.0000000000
0.0000000000,17629.5253906250,0.0000000000,0.0000000000,0.0000000000,0.0000000000,0.0000000000,0.0000000000
0.0000000000,19470.8085937500,0.0000000000,0.0000000000,0.0000000000,0.0000000000,0.0000000000,0.0000000000
0.0000000000,21942.8085937500,0.0000000000,0.0000000000,0.0000000000,0.0000000000,0.0000000000,0.0000000000
0.0000000000,9470.9101562500,0.0000000000,0.0000000000,0.0000000000,0.0000000000,0.0000000000,0.0000000000
0.0000000000,19796.3398437500,0.0000000000,0.0000000000,0.0000000000,0.0000000000,0.0000000000,0.0000000000
0.0000000000,16510.5136718750,0.0000000000,0.0000000000,0.0000000000,0.0000000000,0.0000000000,0.0000000000
0.0000000000,18484.0429687500,0.0000000000,0.0000000000,0.0000000000,0.0000000000,0.0000000000,0.0000000000
0.0000000000,21454.5117187500,0.0000000000,0.0000000000,0.0000000000,0.0000000000,0.0000000000,0.0000000000
0.0000000000,22115.7460937500,0.0000000000,0.0000000000,0.0000000000,0.0000000000,0.0000000000,0.0000000000
0.0000000000,27975.3007812500,0.0000000000,0.0000000000,0.0000000000,0.0000000000,0.0000000000,0.0000000000
0.0000000000,32308.9277343750,0.0000000000,0.0000000000,0.0000000000,0.0000000000,0.0000000000,0.0000000000
0.0000000000,32766.7050781250,0.0000000000,0.0000000000,0.0000000000,0.0000000000,0.0000000000,0.0000000000
0.0000000000,32410.6562500000,0.0000000000,0.0000000000,0.0000000000,0.0000000000,0.0000000000,0.0000000000
0.0000000000,23285.6230468750,0.0000000000,0.0000000000,0.0000000000,0.0000000000,0.0000000000,0.0000000000
0.0000000000,23885.8203125000,0.0000000000,0.0000000000,0.0000000000,0.0000000000,0.0000000000,0.0000000000
0.0000000000,22817.6718750000,0.0000000000,0.0000000000,0.0000000000,0.0000000000,0.0000000000,0.0000000000
0.0000000000,21423.9941406250,0.0000000000,0.0000000000,0.0000000000,0.0000000000,0.0000000000,0.0000000000
0.0000000000,20691.5488281250,0.0000000000,0.0000000000,0.0000000000,0.0000000000,0.0000000000,0.0000000000
0.0000000000,19979.4511718750,0.0000000000,0.0000000000,0.0000000000,0.0000000000,0.0000000000,0.0000000000
0.0000000000,16978.4628906250,0.0000000000,0.0000000000,0.0000000000,0.0000000000,0.0000000000,0.0000000000
0.0000000000,9786.2685546875,0.0000000000,0.0000000000,0.0000000000,0.0000000000,0.0000000000,0.0000000000
0.0000000000,20569.4746093750,0.0000000000,0.0000000000,0.0000000000,0.0000000000,0.0000000000,0.0000000000
0.0000000000,20518.6113281250,0.0000000000,0.0000000000,0.0000000000,0.0000000000,0.0000000000,0.0000000000
0.0000000000,9481.0830078125,0.0000000000,0.0000000000,0.0000000000,0.0000000000,0.0000000000,0.0000000000
0.0000000000,24689.4746093750,0.0000000000,0.0000000000,0.0000000000,0.0000000000,0.0000000000,0.0000000000
0.0000000000,20854.3144531250,0.0000000000,0.0000000000,0.0000000000,0.0000000000,0.0000000000,0.0000000000
0.0000000000,18351.7968750000,0.0000000000,0.0000000000,0.0000000000,0.0000000000,0.0000000000,0.0000000000
0.0000000000,11434.2675781250,0.0000000000,0.0000000000,0.0000000000,0.0000000000,0.0000000000,0.0000000000
0.0000000000,29694.5097656250,0.0000000000,0.0000000000,0.0000000000,0.0000000000,0.0000000000,0.0000000000
0.0000000000,17507.4511718750,0.0000000000,0.0000000000,0.0000000000,0.0000000000,0.0000000000,0.0000000000
0.0000000000,25798.3125000000,0.0000000000,0.0000000000,0.0000000000,0.0000000000,0.0000000000,0.0000000000
0.0000000000,22115.7460937500,0.0000000000,0.0000000000,0.0000000000,0.0000000000,0.0000000000,0.0000000000
0.0000000000,16093.4267578125,0.0000000000,0.0000000000,0.0000000000,0.0000000000,0.0000000000,0.0000000000
0.0000000000,18687.5000000000,0.0000000000,0.0000000000,0.0000000000,0.0000000000,0.0000000000,0.0000000000
0.0000000000,14801.4765625000,0.0000000000,0.0000000000,0.0000000000,0.0000000000,0.0000000000,0.0000000000
0.0000000000,12583.7988281250,0.0000000000,0.0000000000,0.0000000000,0.0000000000,0.0000000000,0.0000000000
0.0000000000,12777.0820312500,0.0000000000,0.0000000000,0.0000000000,0.0000000000,0.0000000000,0.0000000000
0.0000000000,13255.2060546875,0.0000000000,0.0000000000,0.0000000000,0.0000000000,0.0000000000,0.0000000000
0.0000000000,17751.5996093750,0.0000000000,0.0000000000,0.0000000000,0.0000000000,0.0000000000,0.0000000000
0.0000000000,19959.1054687500,0.0000000000,0.0000000000,0.0000000000,0.0000000000,0.0000000000,0.0000000000
0.0000000000,19480.9824218750,0.0000000000,0.0000000000,0.0000000000,0.0000000000,0.0000000000,0.0000000000
0.0000000000,18026.2656250000,0.0000000000,0.0000000000,0.0000000000,0.0000000000,0.0000000000,0.0000000000
0.0000000000,18351.7968750000,0.0000000000,0.0000000000,0.0000000000,0.0000000000,0.0000000000,0.0000000000
0.0000000000,7497.3803710938,0.0000000000,0.0000000000,0.0000000000,0.0000000000,0.0000000000,0.0000000000
0.0000000000,8117.9233398438,0.0000000000,0.0000000000,0.0000000000,0.0000000000,0.0000000000,0.0000000000
0.0000000000,9043.6513671875,0.0000000000,0.0000000000,0.0000000000,0.0000000000,0.0000000000,0.0000000000
0.0000000000,9399.7011718750,0.0000000000,0.0000000000,0.0000000000,0.0000000000,0.0000000000,0.0000000000
0.0000000000,19389.4257812500,0.0000000000,0.0000000000,0.0000000000,0.0000000000,0.0000000000,0.0000000000
0.0000000000,19918.4140625000,0.0000000000,0.0000000000,0.0000000000,0.0000000000,0.0000000000,0.0000000000
0.0000000000,21088.2890625000,0.0000000000,0.0000000000,0.0000000000,0.0000000000,0.0000000000,0.0000000000
0.0000000000,11047.7001953125,0.0000000000,0.0000000000,0.0000000000,0.0000000000,0.0000000000,0.0000000000
0.0000000000,9501.4287109375,0.0000000000,0.0000000000,0.0000000000,0.0000000000,0.0000000000,0.0000000000
0.0000000000,9216.5898437500,0.0000000000,0.0000000000,0.0000000000,0.0000000000,0.0000000000,0.0000000000
0.0000000000,15666.1679687500,0.0000000000,0.0000000000,0.0000000000,0.0000000000,0.0000000000,0.0000000000
0.0000000000,17059.8457031250,0.0000000000,0.0000000000,0.0000000000,0.0000000000,0.0000000000,0.0000000000
0.0000000000,10722.1699218750,0.0000000000,0.0000000000,0.0000000000,0.0000000000,0.0000000000,0.0000000000
0.0000000000,21596.9316406250,0.0000000000,0.0000000000,0.0000000000,0.0000000000,0.0000000000,0.0000000000
0.0000000000,21220.5371093750,0.0000000000,0.0000000000,0.0000000000,0.0000000000,0.0000000000,0.0000000000
0.0000000000,9959.2070312500,0.0000000000,0.0000000000,0.0000000000,0.0000000000,0.0000000000,0.0000000000
0.0000000000,12115.8476562500,0.0000000000,0.0000000000,0.0000000000,0.0000000000,0.0000000000,0.0000000000
0.0000000000,17782.1171875000,0.0000000000,0.0000000000,0.0000000000,0.0000000000,0.0000000000,0.0000000000
0.0000000000,16968.2910156250,0.0000000000,0.0000000000,0.0000000000,0.0000000000,0.0000000000,0.0000000000
0.0000000000,12268.4404296875,0.0000000000,0.0000000000,0.0000000000,0.0000000000,0.0000000000,0.0000000000
0.0000000000,20518.6113281250,0.0000000000,0.0000000000,0.0000000000,0.0000000000,0.0000000000,0.0000000000
0.0000000000,8107.7504882812,0.0000000000,0.0000000000,0.0000000000,0.0000000000,0.0000000000,0.0000000000
0.0000000000,13153.4775390625,0.0000000000,0.0000000000,0.0000000000,0.0000000000,0.0000000000,0.0000000000
0.0000000000,14994.7607421875,0.0000000000,0.0000000000,0.0000000000,0.0000000000,0.0000000000,0.0000000000
0.0000000000,19542.0175781250,0.0000000000,0.0000000000,0.0000000000,0.0000000000,0.0000000000,0.0000000000
0.0000000000,12543.1074218750,0.0000000000,0.0000000000,0.0000000000,0.0000000000,0.0000000000,0.0000000000
0.0000000000,14130.0693359375,0.0000000000,0.0000000000,0.0000000000,0.0000000000,0.0000000000,0.0000000000
0.0000000000,16398.6113281250,0.0000000000,0.0000000000,0.0000000000,0.0000000000,0.0000000000,0.0000000000
0.0000000000,11851.3544921875,0.0000000000,0.0000000000,0.0000000000,0.0000000000,0.0000000000,0.0000000000
0.0000000000,18300.9316406250,0.0000000000,0.0000000000,0.0000000000,0.0000000000,0.0000000000,0.0000000000
0.0000000000,6358.0224609375,0.0000000000,0.0000000000,0.0000000000,0.0000000000,0.0000000000,0.0000000000
0.0000000000,17497.2792968750,0.0000000000,0.0000000000,0.0000000000,0.0000000000,0.0000000000,0.0000000000
0.0000000000,23743.4003906250,0.0000000000,0.0000000000,0.0000000000,0.0000000000,0.0000000000,0.0000000000
0.0000000000,29002.7558593750,0.0000000000,0.0000000000,0.0000000000,0.0000000000,0.0000000000,0.0000000000
0.0000000000,31627.3476562500,0.0000000000,0.0000000000,0.0000000000,0.0000000000,0.0000000000,0.0000000000
0.0000000000,22756.6347656250,0.0000000000,0.0000000000,0.0000000000,0.0000000000,0.0000000000,0.0000000000
0.0000000000,25900.0410156250,0.0000000000,0.0000000000,0.0000000000,0.0000000000,0.0000000000,0.0000000000
0.0000000000,3591.0112304688,0.0000000000,0.0000000000,0.0000000000,0.0000000000,0.0000000000,0.0000000000
0.0000000000,14730.2666015625,0.0000000000,0.0000000000,0.0000000000,0.0000000000,0.0000000000,0.0000000000
0.0000000000,19908.2402343750,0.0000000000,0.0000000000,0.0000000000,0.0000000000,0.0000000000,0.0000000000
0.0000000000,15818.7607421875,0.0000000000,0.0000000000,0.0000000000,0.0000000000,0.0000000000,0.0000000000
0.0000000000,3102.7150878906,0.0000000000,0.0000000000,0.0000000000,0.0000000000,0.0000000000,0.0000000000
0.0000000000,15961.1796875000,0.0000000000,0.0000000000,0.0000000000,0.0000000000,0.0000000000,0.0000000000
0.0000000000,15900.1435546875,0.0000000000,0.0000000000,0.0000000000,0.0000000000,0.0000000000,0.0000000000
0.0000000000,9053.8242187500,0.0000000000,0.0000000000,0.0000000000,0.0000000000,0.0000000000,0.0000000000
0.0000000000,7527.8989257812,0.0000000000,0.0000000000,0.0000000000,0.0000000000,0.0000000000,0.0000000000
0.0000000000,11068.0458984375,0.0000000000,0.0000000000,0.0000000000,0.0000000000,0.0000000000,0.0000000000
0.0000000000,14994.7607421875,0.0000000000,0.0000000000,0.0000000000,0.0000000000,0.0000000000,0.0000000000
0.0000000000,13407.7978515625,0.0000000000,0.0000000000,0.0000000000,0.0000000000,0.0000000000,0.0000000000
0.0000000000,14913.3779296875,0.0000000000,0.0000000000,0.0000000000,0.0000000000,0.0000000000,0.0000000000
0.0000000000,11851.3544921875,0.0000000000,0.0000000000,0.0000000000,0.0000000000,0.0000000000,0.0000000000
0.0000000000,17863.5000000000,0.0000000000,0.0000000000,0.0000000000,0.0000000000,0.0000000000,0.0000000000
0.0000000000,6968.3930664062,0.0000000000,0.0000000000,0.0000000000,0.0000000000,0.0000000000,0.0000000000
0.0000000000,20284.6347656250,0.0000000000,0.0000000000,0.0000000000,0.0000000000,0.0000000000,0.0000000000
0.0000000000,10895.1074218750,0.0000000000,0.0000000000,0.0000000000,0.0000000000,0.0000000000,0.0000000000
0.0000000000,15432.1923828125,0.0000000000,0.0000000000,0.0000000000,0.0000000000,0.0000000000,0.0000000000
0.0000000000,18402.6601562500,0.0000000000,0.0000000000,0.0000000000,0.0000000000,0.0000000000,0.0000000000
0.0000000000,13855.4033203125,0.0000000000,0.0000000000,0.0000000000,0.0000000000,0.0000000000,0.0000000000
